,False,True,accuracy,macro avg,weighted avg
precision,0.8444444444444444,0.0,0.8306010928961749,0.4222222222222222,0.7152398299939283
recall,0.9806451612903225,0.0,0.8306010928961749,0.49032258064516127,0.8306010928961749
f1-score,0.9074626865671642,0.0,0.8306010928961749,0.4537313432835821,0.7686159367098931
support,155.0,28.0,0.8306010928961749,183.0,183.0
